id;description;amount;date
1;Senior Montenegro Centralized;15823;2025-06-24T21:02:28
2;Research Customer Customer;65985;2025-06-24T03:02:54
3;AI driver Practical;93982;2025-06-24T02:30:22
4;Creative;79255;2025-06-24T07:55:08
5;Oregon;79769;2025-06-24T17:34:02
6;Intelligent redundant;15892;2025-06-24T10:33:03
7;Handcrafted generate transmit;83307;2025-06-24T21:31:15
8;Hollow Global Account;53014;2025-06-24T18:47:25
9;Concrete;5464;2025-06-24T04:53:53
10;payment wireless grow;52862;2025-06-24T09:27:02
